{
 "distinct_haven_isins": 20958,
 "mapped": 2534,
 "coverage_isin": 0.12090848363393454,
 "value_share": 0.41490083693578544,
 "example_alibaba_US01609W1027_lei": "5493001NTNQJDH60PM02"
}