{
  "artifact": "active_flow_verify",
  "generated_by": "build/audit/active_flow_recompute.py (no network)",
  "merge1_treatment_ok_22_of_22": true,
  "merge1_keys_matched": 22,
  "merge2_rows_matched_relative_returns": 34315,
  "merge2_rows_orphan_no_macro": 2232,
  "estimation_G": 22,
  "n_cells_DV1_nonnull": 32546,
  "betas_in_result": {
    "DV1_without": -0.0016975836701874402,
    "DV1_with": -0.009210624181125048,
    "DV2_without": 0.0018979407807565264,
    "DV2_with": -0.0048941582645871725,
    "DV3_without": -0.0020118650524630593,
    "DV3_with": -0.007895830264757419
  },
  "betas_recomputed": {
    "DV1_without": -0.0016975836701874402,
    "DV1_with": -0.009210624181125048,
    "DV2_without": 0.0018979407807565264,
    "DV2_with": -0.0048941582645871725,
    "DV3_without": -0.0020118650524630593,
    "DV3_with": -0.007895830264757419
  },
  "robustness_betas_in_result": {
    "r1_DV1_no_control": -0.0016975836701874402,
    "r2_DV1_plus_reg_crackdown": -0.009210624181125048,
    "r3_DV1_plus_reg_hfcaa": -0.003600736818972062,
    "r4_DV1_eo2023_second_event_with_controls": -0.0017667875002062873,
    "r5_DV1_narrow_event_window_2022q1q2_vs_pre": -0.006033978513658038,
    "r6_DV1_no_flow_lags_with_control": -0.012353652549957987,
    "r6b_DV1_no_flow_lags_no_control": -0.010982024624195771,
    "r7_DV2_no_control": 0.0018979407807565264,
    "r8_DV2_plus_reg_crackdown": -0.0048941582645871725,
    "r9_DV3_no_control": -0.0020118650524630593,
    "r10_DV3_plus_reg_crackdown": -0.007895830264757419,
    "r11_DV2_plus_reg_hfcaa": 0.00015063193544001964,
    "r12_DV2_eo2023_second_event_with_controls": -0.004540608293765341
  },
  "robustness_betas_recomputed": {
    "r1_DV1_no_control": -0.0016975836701874402,
    "r2_DV1_plus_reg_crackdown": -0.009210624181125048,
    "r3_DV1_plus_reg_hfcaa": -0.003600736818972062,
    "r4_DV1_eo2023_second_event_with_controls": -0.0017667875002062873,
    "r5_DV1_narrow_event_window_2022q1q2_vs_pre": -0.006033978513658038,
    "r6_DV1_no_flow_lags_with_control": -0.012353652549957987,
    "r6b_DV1_no_flow_lags_no_control": -0.010982024624195771,
    "r7_DV2_no_control": 0.0018979407807565264,
    "r8_DV2_plus_reg_crackdown": -0.0048941582645871725,
    "r9_DV3_no_control": -0.0020118650524630593,
    "r10_DV3_plus_reg_crackdown": -0.007895830264757419,
    "r11_DV2_plus_reg_hfcaa": 0.00015063193544001964,
    "r12_DV2_eo2023_second_event_with_controls": -0.004540608293765341
  },
  "beta_matches": true,
  "all_betas_read_from_estimator_not_hardcoded": true,
  "wild_cluster_bootstrap_p_in_result": 0.1595,
  "wild_cluster_bootstrap_p_recomputed": 0.1595,
  "wild_cluster_bootstrap_G": 21,
  "bootstrap_seed": 42,
  "bootstrap_reps": 2000,
  "bootstrap_p_recomputed_matches": true,
  "leave_one_out_WITH_control_in_result": {
    "2019q3": -0.009210624181125048,
    "2019q4": -0.009777017757065742,
    "2020q1": -0.007794041618063324,
    "2020q2": -0.007689907468633544,
    "2020q3": -0.012119169518430884,
    "2020q4": -0.014030950309738758,
    "2021q1": -0.010941293025981342,
    "2021q2": -0.03824996619935064,
    "2021q3": -0.02626323457273411,
    "2021q4": -0.010104766197891774,
    "2022q1": 0.00253049784776812,
    "2022q2": 0.003772580035343033,
    "2022q3": -0.009267160948384333,
    "2022q4": -0.015715828002449455,
    "2023q1": -0.013883339019982167,
    "2023q2": -0.00713571131789809,
    "2023q3": -0.009478225420132338,
    "2023q4": -0.010396390023731267,
    "2024q1": -0.008812511024618119,
    "2024q2": -0.007189141800413534,
    "2024q3": -0.0074920600251108084,
    "2024q4": -0.009743346305155422
  },
  "leave_one_out_WITH_control_recomputed": {
    "2019q3": -0.009210624181125048,
    "2019q4": -0.009777017757065742,
    "2020q1": -0.007794041618063324,
    "2020q2": -0.007689907468633544,
    "2020q3": -0.012119169518430884,
    "2020q4": -0.014030950309738758,
    "2021q1": -0.010941293025981342,
    "2021q2": -0.03824996619935064,
    "2021q3": -0.02626323457273411,
    "2021q4": -0.010104766197891774,
    "2022q1": 0.00253049784776812,
    "2022q2": 0.003772580035343033,
    "2022q3": -0.009267160948384333,
    "2022q4": -0.015715828002449455,
    "2023q1": -0.013883339019982167,
    "2023q2": -0.00713571131789809,
    "2023q3": -0.009478225420132338,
    "2023q4": -0.010396390023731267,
    "2024q1": -0.008812511024618119,
    "2024q2": -0.007189141800413534,
    "2024q3": -0.0074920600251108084,
    "2024q4": -0.009743346305155422
  },
  "leave_one_out_WITHOUT_control_in_result": {
    "2019q3": -0.0016975836701874402,
    "2019q4": -0.002712691511998199,
    "2020q1": -0.0008292091222814587,
    "2020q2": 0.0014253665479855848,
    "2020q3": -0.006616104347155285,
    "2020q4": -0.006836558650431945,
    "2021q1": -0.005098535708672868,
    "2021q2": -0.07649993239870526,
    "2021q3": -0.05252646914546627,
    "2021q4": -0.010344315902080013,
    "2022q1": 0.016590741606646232,
    "2022q2": 0.021714864116095862,
    "2022q3": 0.011760475102855139,
    "2022q4": 0.0018588231684596604,
    "2023q1": 0.004831633640103684,
    "2023q2": 0.00286940146035364,
    "2023q3": -0.0028480390758546014,
    "2023q4": -0.003923244808289893,
    "2024q1": -0.001384665133732067,
    "2024q2": 0.0004489737451497736,
    "2024q3": 6.355855888722307e-05,
    "2024q4": -0.0018540971870394782
  },
  "leave_one_out_WITHOUT_control_recomputed": {
    "2019q3": -0.0016975836701874402,
    "2019q4": -0.002712691511998199,
    "2020q1": -0.0008292091222814587,
    "2020q2": 0.0014253665479855848,
    "2020q3": -0.006616104347155285,
    "2020q4": -0.006836558650431945,
    "2021q1": -0.005098535708672868,
    "2021q2": -0.07649993239870526,
    "2021q3": -0.05252646914546627,
    "2021q4": -0.010344315902080013,
    "2022q1": 0.016590741606646232,
    "2022q2": 0.021714864116095862,
    "2022q3": 0.011760475102855139,
    "2022q4": 0.0018588231684596604,
    "2023q1": 0.004831633640103684,
    "2023q2": 0.00286940146035364,
    "2023q3": -0.0028480390758546014,
    "2023q4": -0.003923244808289893,
    "2024q1": -0.001384665133732067,
    "2024q2": 0.0004489737451497736,
    "2024q3": 6.355855888722307e-05,
    "2024q4": -0.0018540971870394782
  },
  "leave_one_out_recomputed_matches": true
}