{
  "artifact": "cm_regression_full_verify",
  "generated_by": "build/audit/cm_regression_full_recompute.py (no network)",
  "power_rebuild_status": "RUN_AT_FULL_22Q",
  "fx_correction_applied": "CURRENCY_VALUE is USD-native (grounded); no FX conversion. w=cn_haven_raw/tot_haven_raw.",
  "estimation_quarters_G_w_specs": 22,
  "estimation_quarters_G_walt_specs": 8,
  "quarters_present_total": 22,
  "n_cells_w_valid": 104306,
  "n_cells_dropped_tot_haven_le_0": 1114,
  "headline_beta_in_result": 0.012521011758053762,
  "headline_beta_recomputed_independently": 0.012521011758053762,
  "beta_matches": true,
  "n_specs_run": 8,
  "all_betas_read_from_estimator_not_hardcoded": true,
  "wild_cluster_bootstrap_p_in_result": 0.5825,
  "wild_cluster_bootstrap_p_recomputed": 0.5825,
  "wild_cluster_bootstrap_G": 22,
  "bootstrap_p_recomputed_matches": true,
  "bootstrap_seed": 42,
  "bootstrap_reps": 2000,
  "leave_one_out_betas_in_result_headline": {
    "2019q3": 0.013942968567563989,
    "2019q4": 0.01351954614382492,
    "2020q1": 0.011504172428729297,
    "2020q2": 0.014778323476583283,
    "2020q3": 0.015344497843247769,
    "2020q4": 0.01656952097101048,
    "2021q1": 0.011600891494263368,
    "2021q2": 0.003530322258688019,
    "2021q3": 0.0037347666256178917,
    "2021q4": 0.011260108720268214,
    "2022q1": 0.016332845706484675,
    "2022q2": 0.027056695216087324,
    "2022q3": 0.01615983305476985,
    "2022q4": 0.01283432217347918,
    "2023q1": 0.010696677684999125,
    "2023q2": 0.009576690668883453,
    "2023q3": 0.011620649449362022,
    "2023q4": 0.013013294558042331,
    "2024q1": 0.012005842778119422,
    "2024q2": 0.011756575549821513,
    "2024q3": 0.01164345442829532,
    "2024q4": 0.012539637068769365
  },
  "leave_one_out_betas_recomputed_headline": {
    "2019q3": 0.013942968567563989,
    "2019q4": 0.01351954614382492,
    "2020q1": 0.011504172428729297,
    "2020q2": 0.014778323476583283,
    "2020q3": 0.015344497843247769,
    "2020q4": 0.01656952097101048,
    "2021q1": 0.011600891494263368,
    "2021q2": 0.003530322258688019,
    "2021q3": 0.0037347666256178917,
    "2021q4": 0.011260108720268214,
    "2022q1": 0.016332845706484675,
    "2022q2": 0.027056695216087324,
    "2022q3": 0.01615983305476985,
    "2022q4": 0.01283432217347918,
    "2023q1": 0.010696677684999125,
    "2023q2": 0.009576690668883453,
    "2023q3": 0.011620649449362022,
    "2023q4": 0.013013294558042331,
    "2024q1": 0.012005842778119422,
    "2024q2": 0.011756575549821513,
    "2024q3": 0.01164345442829532,
    "2024q4": 0.012539637068769365
  },
  "leave_one_out_betas_in_result_no_lags": {
    "2019q3": 0.010980098265009926,
    "2019q4": -0.07393699208785094,
    "2020q1": -0.08313098489152025,
    "2020q2": -0.076332554744143,
    "2020q3": -0.0851327307729353,
    "2020q4": -0.06702861421253918,
    "2021q1": -0.07481854256783751,
    "2021q2": -0.07061576532988566,
    "2021q3": -0.07366932229595881,
    "2021q4": -0.07655555797582198,
    "2022q1": -0.1428576213492135,
    "2022q2": -0.12862629092643046,
    "2022q3": -0.08727696458249645,
    "2022q4": -0.07778694142658085,
    "2023q1": -0.08504396296870106,
    "2023q2": -0.09345086207946494,
    "2023q3": -0.08316922969990233,
    "2023q4": -0.07172429194773615,
    "2024q1": -0.07471372448081363,
    "2024q2": -0.07946239605997862,
    "2024q3": -0.07803034776824569,
    "2024q4": -0.07570720484860505
  },
  "leave_one_out_betas_recomputed_no_lags": {
    "2019q3": 0.010980098265009926,
    "2019q4": -0.07393699208785094,
    "2020q1": -0.08313098489152025,
    "2020q2": -0.076332554744143,
    "2020q3": -0.0851327307729353,
    "2020q4": -0.06702861421253918,
    "2021q1": -0.07481854256783751,
    "2021q2": -0.07061576532988566,
    "2021q3": -0.07366932229595881,
    "2021q4": -0.07655555797582198,
    "2022q1": -0.1428576213492135,
    "2022q2": -0.12862629092643046,
    "2022q3": -0.08727696458249645,
    "2022q4": -0.07778694142658085,
    "2023q1": -0.08504396296870106,
    "2023q2": -0.09345086207946494,
    "2023q3": -0.08316922969990233,
    "2023q4": -0.07172429194773615,
    "2024q1": -0.07471372448081363,
    "2024q2": -0.07946239605997862,
    "2024q3": -0.07803034776824569,
    "2024q4": -0.07570720484860505
  },
  "leave_one_out_8q_subset_headline": {
    "2019q3": 1.0651391848576033e-06,
    "2019q4": null,
    "2020q1": null,
    "2020q2": null,
    "2020q3": -2.3722118807278353e-06,
    "2022q1": -0.00013579801682120588,
    "2022q2": -0.00013579801682120588,
    "2024q4": -0.00013579801682120588
  },
  "leave_one_out_8q_subset_no_lags": {
    "2019q3": -0.02240170060013961,
    "2019q4": 0.6625592597497681,
    "2020q1": 0.7652663315689999,
    "2020q2": 2.1306505537751907,
    "2020q3": 0.29670604624781416,
    "2022q1": -0.41642706779713023,
    "2022q2": -1.7374547540804377,
    "2024q4": -1.106144028565368
  },
  "leave_one_out_recomputed_matches": true
}