{
  "headline_check_EFH_common_equity_2020": {
    "CYM": 0.823155,
    "HKG": 0.19788,
    "VGB": 0.027774,
    "CHN": 0.985846,
    "BMU": 0.094063,
    "SGP": 0.03194
  },
  "headline_check_FH_common_equity_2020": {
    "CYM": 0.826124,
    "HKG": 0.197849,
    "VGB": 0.02474,
    "CHN": 0.985845
  },
  "part1_calibration_fund_holdings": [
    {
      "fiscal_quarter": "2019q3",
      "gcap_year_used": 2019,
      "extrapolated_post2020": false,
      "haven_pool_value_usd": 310646467903.3,
      "china_nationality_mass_usd": 155836687512.6,
      "f_china_nationality_fraction_of_haven_pool": 0.501653,
      "direct_chn_residency_value_usd_separate": 133066146981.0,
      "per_haven": {
        "CYM": {
          "haven_value_usd": 210686342230.1,
          "cn_mass_usd": 121417713214.6,
          "haven_f": 0.576296
        },
        "HKG": {
          "haven_value_usd": 91980420554.6,
          "cn_mass_usd": 30091812464.8,
          "haven_f": 0.327155
        },
        "VGB": {
          "haven_value_usd": 7979705118.6,
          "cn_mass_usd": 4327161833.2,
          "haven_f": 0.542271
        }
      }
    },
    {
      "fiscal_quarter": "2019q4",
      "gcap_year_used": 2019,
      "extrapolated_post2020": false,
      "haven_pool_value_usd": 417767320838.3,
      "china_nationality_mass_usd": 219131070673.5,
      "f_china_nationality_fraction_of_haven_pool": 0.524529,
      "direct_chn_residency_value_usd_separate": 183459152575.4,
      "per_haven": {
        "CYM": {
          "haven_value_usd": 294210404772.7,
          "cn_mass_usd": 176324192990.8,
          "haven_f": 0.599313
        },
        "HKG": {
          "haven_value_usd": 112581403622.0,
          "cn_mass_usd": 36986994650.3,
          "haven_f": 0.328536
        },
        "VGB": {
          "haven_value_usd": 10975512443.5,
          "cn_mass_usd": 5819883032.4,
          "haven_f": 0.530261
        }
      }
    },
    {
      "fiscal_quarter": "2020q1",
      "gcap_year_used": 2020,
      "extrapolated_post2020": false,
      "haven_pool_value_usd": 394114944614.6,
      "china_nationality_mass_usd": 165052182738.7,
      "f_china_nationality_fraction_of_haven_pool": 0.418792,
      "direct_chn_residency_value_usd_separate": 167523216226.3,
      "per_haven": {
        "CYM": {
          "haven_value_usd": 237254943533.7,
          "cn_mass_usd": 130419554519.6,
          "haven_f": 0.549702
        },
        "HKG": {
          "haven_value_usd": 148763472391.6,
          "cn_mass_usd": 29858270752.1,
          "haven_f": 0.20071
        },
        "VGB": {
          "haven_value_usd": 8096528689.3,
          "cn_mass_usd": 4774357467.0,
          "haven_f": 0.58968
        }
      }
    },
    {
      "fiscal_quarter": "2020q2",
      "gcap_year_used": 2020,
      "extrapolated_post2020": false,
      "haven_pool_value_usd": 436391589179.0,
      "china_nationality_mass_usd": 184483534711.1,
      "f_china_nationality_fraction_of_haven_pool": 0.422748,
      "direct_chn_residency_value_usd_separate": 187477797281.9,
      "per_haven": {
        "CYM": {
          "haven_value_usd": 267856506464.1,
          "cn_mass_usd": 147343022490.9,
          "haven_f": 0.550082
        },
        "HKG": {
          "haven_value_usd": 159423786894.7,
          "cn_mass_usd": 31939839754.9,
          "haven_f": 0.200346
        },
        "VGB": {
          "haven_value_usd": 9111295820.2,
          "cn_mass_usd": 5200672465.3,
          "haven_f": 0.570794
        }
      }
    },
    {
      "fiscal_quarter": "2020q3",
      "gcap_year_used": 2020,
      "extrapolated_post2020": false,
      "haven_pool_value_usd": 485997296267.8,
      "china_nationality_mass_usd": 218782995648.1,
      "f_china_nationality_fraction_of_haven_pool": 0.450173,
      "direct_chn_residency_value_usd_separate": 222706216206.8,
      "per_haven": {
        "CYM": {
          "haven_value_usd": 311916022359.0,
          "cn_mass_usd": 180508601413.6,
          "haven_f": 0.578709
        },
        "HKG": {
          "haven_value_usd": 164746497700.0,
          "cn_mass_usd": 33039754906.3,
          "haven_f": 0.200549
        },
        "VGB": {
          "haven_value_usd": 9334776208.8,
          "cn_mass_usd": 5234639328.2,
          "haven_f": 0.560768
        }
      }
    },
    {
      "fiscal_quarter": "2022q1",
      "gcap_year_used": 2020,
      "extrapolated_post2020": true,
      "haven_pool_value_usd": 538798142423.2,
      "china_nationality_mass_usd": 191844028348.7,
      "f_china_nationality_fraction_of_haven_pool": 0.356059,
      "direct_chn_residency_value_usd_separate": 201794084662.2,
      "per_haven": {
        "CYM": {
          "haven_value_usd": 305235952668.7,
          "cn_mass_usd": 142338378834.9,
          "haven_f": 0.466322
        },
        "HKG": {
          "haven_value_usd": 223128922532.7,
          "cn_mass_usd": 44572420742.4,
          "haven_f": 0.199761
        },
        "VGB": {
          "haven_value_usd": 10433267221.7,
          "cn_mass_usd": 4933228771.4,
          "haven_f": 0.472836
        }
      }
    },
    {
      "fiscal_quarter": "2022q2",
      "gcap_year_used": 2020,
      "extrapolated_post2020": true,
      "haven_pool_value_usd": 431097821262.4,
      "china_nationality_mass_usd": 160554995014.8,
      "f_china_nationality_fraction_of_haven_pool": 0.372433,
      "direct_chn_residency_value_usd_separate": 170289284368.8,
      "per_haven": {
        "CYM": {
          "haven_value_usd": 272290330183.6,
          "cn_mass_usd": 126929764661.0,
          "haven_f": 0.466156
        },
        "HKG": {
          "haven_value_usd": 150481000718.3,
          "cn_mass_usd": 30138043064.6,
          "haven_f": 0.200278
        },
        "VGB": {
          "haven_value_usd": 8326490360.4,
          "cn_mass_usd": 3487187289.1,
          "haven_f": 0.418806
        }
      }
    },
    {
      "fiscal_quarter": "2024q4",
      "gcap_year_used": 2020,
      "extrapolated_post2020": true,
      "haven_pool_value_usd": 407725321094.3,
      "china_nationality_mass_usd": 154722423349.0,
      "f_china_nationality_fraction_of_haven_pool": 0.379477,
      "direct_chn_residency_value_usd_separate": 136269379093.5,
      "per_haven": {
        "CYM": {
          "haven_value_usd": 276000595869.5,
          "cn_mass_usd": 127776741864.3,
          "haven_f": 0.462958
        },
        "HKG": {
          "haven_value_usd": 127683401099.7,
          "cn_mass_usd": 25512396708.5,
          "haven_f": 0.19981
        },
        "VGB": {
          "haven_value_usd": 4041324125.1,
          "cn_mass_usd": 1433284776.2,
          "haven_f": 0.354657
        }
      }
    }
  ],
  "part1_calibration_enhanced_fund_holdings_sensitivity": [
    {
      "fiscal_quarter": "2019q3",
      "gcap_year_used": 2019,
      "extrapolated_post2020": false,
      "haven_pool_value_usd": 310646467903.3,
      "china_nationality_mass_usd": 154067529557.7,
      "f_china_nationality_fraction_of_haven_pool": 0.495958,
      "direct_chn_residency_value_usd_separate": 133066146981.0,
      "per_haven": {
        "CYM": {
          "haven_value_usd": 210686342230.1,
          "cn_mass_usd": 120001049443.7,
          "haven_f": 0.569572
        },
        "HKG": {
          "haven_value_usd": 91980420554.6,
          "cn_mass_usd": 29892011320.6,
          "haven_f": 0.324982
        },
        "VGB": {
          "haven_value_usd": 7979705118.6,
          "cn_mass_usd": 4174468793.4,
          "haven_f": 0.523136
        }
      }
    },
    {
      "fiscal_quarter": "2019q4",
      "gcap_year_used": 2019,
      "extrapolated_post2020": false,
      "haven_pool_value_usd": 417767320838.3,
      "china_nationality_mass_usd": 216731521538.9,
      "f_china_nationality_fraction_of_haven_pool": 0.518785,
      "direct_chn_residency_value_usd_separate": 183459152575.4,
      "per_haven": {
        "CYM": {
          "haven_value_usd": 294210404772.7,