{
  "artifact": "sanctions_shock_verify",
  "generated_by": "build/audit/sanctions_shock_recompute.py (no network)",
  "merge_ok_22_of_22": true,
  "merge_keys_matched": 22,
  "merge_orphans_treatment_side": [],
  "merge_orphans_panel_side": [],
  "estimation_G": 22,
  "n_cells": 104306,
  "headline_beta_without_control_in_result": 0.018506876606456533,
  "headline_beta_without_control_recomputed": 0.018506876606456533,
  "headline_beta_with_control_in_result": 0.017660570225023094,
  "headline_beta_with_control_recomputed": 0.017660570225023094,
  "robustness_betas_in_result": {
    "r1_freeze_no_control": 0.018506876606456533,
    "r2_freeze_plus_reg_crackdown": 0.017660570225023094,
    "r3_freeze_plus_reg_hfcaa": 0.017777436755156334,
    "r4_eo2023_second_event_with_controls": -0.003556640411063876,
    "r5_intensity_continuous_with_controls_SURVIVORSHIP_FLAGGED": -8.199600642330075e-05,
    "r7_no_weight_lags_with_control": 0.09398483584917798,
    "r7b_no_weight_lags_no_control": 0.10729820579955787,
    "r6_narrow_event_window_2022q1q2_vs_pre": 0.04201481177265228
  },
  "robustness_betas_recomputed": {
    "r1_freeze_no_control": 0.018506876606456533,
    "r2_freeze_plus_reg_crackdown": 0.017660570225023094,
    "r3_freeze_plus_reg_hfcaa": 0.017777436755156334,
    "r4_eo2023_second_event_with_controls": -0.003556640411063876,
    "r5_intensity_continuous_with_controls_SURVIVORSHIP_FLAGGED": -8.199600642330075e-05,
    "r7_no_weight_lags_with_control": 0.09398483584917798,
    "r7b_no_weight_lags_no_control": 0.10729820579955787,
    "r6_narrow_event_window_2022q1q2_vs_pre": 0.04201481177265228
  },
  "beta_matches": true,
  "all_betas_read_from_estimator_not_hardcoded": true,
  "wild_cluster_bootstrap_p_in_result": 0.2655,
  "wild_cluster_bootstrap_p_recomputed": 0.2655,
  "wild_cluster_bootstrap_G": 22,
  "bootstrap_seed": 42,
  "bootstrap_reps": 2000,
  "bootstrap_p_recomputed_matches": true,
  "leave_one_out_WITH_control_in_result": {
    "2019q3": 0.017868081100970105,
    "2019q4": 0.017424371139242896,
    "2020q1": 0.017744041132584015,
    "2020q2": 0.015459182366894272,
    "2020q3": 0.017418066457999332,
    "2020q4": 0.016943077710131173,
    "2021q1": 0.015455333505913818,
    "2021q2": 0.003800544871624676,
    "2021q3": 0.004223382151445495,
    "2021q4": 0.016707388203400467,
    "2022q1": 0.018283965585591,
    "2022q2": 0.02203441708405306,
    "2022q3": 0.022604867398191855,
    "2022q4": 0.019552597519253253,
    "2023q1": 0.01784777836382074,
    "2023q2": 0.015236059846673377,
    "2023q3": 0.01639998283028861,
    "2023q4": 0.017738786098690458,
    "2024q1": 0.018157729356535826,
    "2024q2": 0.017224741948116826,
    "2024q3": 0.017478968086070287,
    "2024q4": 0.017038272936199365
  },
  "leave_one_out_WITH_control_recomputed": {
    "2019q3": 0.017868081100970105,
    "2019q4": 0.017424371139242896,
    "2020q1": 0.017744041132584015,
    "2020q2": 0.015459182366894272,
    "2020q3": 0.017418066457999332,
    "2020q4": 0.016943077710131173,
    "2021q1": 0.015455333505913818,
    "2021q2": 0.003800544871624676,
    "2021q3": 0.004223382151445495,
    "2021q4": 0.016707388203400467,
    "2022q1": 0.018283965585591,
    "2022q2": 0.02203441708405306,
    "2022q3": 0.022604867398191855,
    "2022q4": 0.019552597519253253,
    "2023q1": 0.01784777836382074,
    "2023q2": 0.015236059846673377,
    "2023q3": 0.01639998283028861,
    "2023q4": 0.017738786098690458,
    "2024q1": 0.018157729356535826,
    "2024q2": 0.017224741948116826,
    "2024q3": 0.017478968086070287,
    "2024q4": 0.017038272936199365
  },
  "leave_one_out_WITHOUT_control_in_result": {
    "2019q3": 0.018581536095542615,
    "2019q4": 0.01809977906580291,
    "2020q1": 0.018485318108414417,
    "2020q2": 0.01635976371751322,
    "2020q3": 0.017631352785166157,
    "2020q4": 0.018267612969835537,
    "2021q1": 0.0158456547523422,
    "2021q2": 0.007601089743254073,
    "2021q3": 0.008446764302887513,
    "2021q4": 0.016146101063225442,
    "2022q1": 0.019673797226029695,
    "2022q2": 0.023203839319789026,
    "2022q3": 0.02363603907140677,
    "2022q4": 0.02139115793080072,
    "2023q1": 0.020074754615114654,
    "2023q2": 0.016587246930886358,
    "2023q3": 0.017158053057233495,
    "2023q4": 0.018638101767685107,
    "2024q1": 0.01917000112856599,
    "2024q2": 0.01827319490012174,
    "2024q3": 0.01841600590350174,
    "2024q4": 0.017976563596943305
  },
  "leave_one_out_WITHOUT_control_recomputed": {
    "2019q3": 0.018581536095542615,
    "2019q4": 0.01809977906580291,
    "2020q1": 0.018485318108414417,
    "2020q2": 0.01635976371751322,
    "2020q3": 0.017631352785166157,
    "2020q4": 0.018267612969835537,
    "2021q1": 0.0158456547523422,
    "2021q2": 0.007601089743254073,
    "2021q3": 0.008446764302887513,
    "2021q4": 0.016146101063225442,
    "2022q1": 0.019673797226029695,
    "2022q2": 0.023203839319789026,
    "2022q3": 0.02363603907140677,
    "2022q4": 0.02139115793080072,
    "2023q1": 0.020074754615114654,
    "2023q2": 0.016587246930886358,
    "2023q3": 0.017158053057233495,
    "2023q4": 0.018638101767685107,
    "2024q1": 0.01917000112856599,
    "2024q2": 0.01827319490012174,
    "2024q3": 0.01841600590350174,
    "2024q4": 0.017976563596943305
  },
  "leave_one_out_recomputed_matches": true
}